{"type":"FeatureCollection","features":[{"type":"Feature","properties":{"marker-color":"#7e7e7e","marker-size":"medium","marker-symbol":"","name":"noahs house"},"geometry":{"type":"Point","coordinates":[-70.78765869140625,41.90023276842022]}},{"type":"Feature","properties":{"marker-color":"#7e7e7e","marker-size":"medium","marker-symbol":"","name":"northeastern"},"geometry":{"type":"Point","coordinates":[-71.092529296875,42.391008609205045]}},{"type":"Feature","properties":{"marker-color":"#7e7e7e","marker-size":"medium","marker-symbol":"","name":"noahs work"},"geometry":{"type":"Point","coordinates":[-71.65283203125,42.54296310520116]}}]}